simulation,annual_revenue_gbp,npv_gbp
1,1446129.3428638927,-26181365.397697914
2,1457424.7383272462,-26084682.70095764
3,1447306.9737678848,-26171285.491072953
4,1514061.578738566,-25599900.87250546
5,1531527.1200026595,-25450404.944282353
6,1472649.4891482089,-25954366.770776622
7,1472730.6967518847,-25953671.676023662
8,1497961.2962948126,-25737710.896952365
9,1639869.133580937,-24523053.78805206
10,1414098.9815899527,-26455528.592388786
11,1503483.0957608921,-25690447.172103453
12,1584282.1461449694,-24998849.422336254
13,1537203.2296699628,-25401820.40455474
14,1489131.3693611927,-25813290.46835663
15,1514041.3503508223,-25600074.016959243
16,1502510.3314667845,-25698773.527347244
17,1481235.1298733978,-25880878.161967173
18,1478320.4013343973,-25905826.71877784
19,1506990.985587028,-25660421.46389705
20,1427776.3401016644,-26338457.53370066
21,1466457.4549766853,-26007367.355302688
22,1509673.2449868915,-25637462.72172843
23,1546876.2018215132,-25319024.805574637
24,1578628.076653032,-25047245.309652545
25,1436536.8121481799,-26263472.459922336
26,1421620.0860690717,-26391151.8588901
27,1425583.0150813346,-26357231.25246787
28,1387048.2563562645,-26687068.69851949
29,1597141.4507743635,-24888780.4784194
30,1405549.3079295107,-26528709.341874063
31,1503136.2092232853,-25693416.340029225
32,1500414.789981937,-25716710.27002646
33,1507769.8588417727,-25653754.714872465
34,1524712.7303323846,-25508732.5674363
35,1447339.2037409635,-26171009.61930527
36,1501260.7476133374,-25709469.3137096
37,1434511.9308503077,-26280804.388237055
38,1505611.7715681063,-25672226.8168981
39,1500217.2798400691,-25718400.853876427
40,1443395.2098479331,-26204768.150977977
41,1556359.848614529,-25237849.732966
42,1451141.6574531142,-26138462.59779429
43,1488560.975310462,-25818172.74407758
44,1503081.558504301,-25693884.121693656
45,1475723.0562585446,-25928058.63859979
46,1461668.7590972336,-26048356.095625818
47,1447238.2880712228,-26171873.404829696
48,1522823.7675282545,-25524901.104300536
49,1480023.3332023546,-25891250.509747066
50,1563277.0706456853,-25178641.91841066
51,1436971.4256376645,-26259752.39502161
52,1462424.6483765792,-26041886.077448826
53,1534623.872950355,-25423898.35342478
54,1524011.9105918105,-25514731.21906982
55,1498045.3186985727,-25736991.70897807
56,1428328.1585112044,-26333734.255784597
57,1396968.6964987866,-26602154.902544726
58,1490650.449382586,-25800287.935288258
59,1427095.9859869466,-26344281.01024583
60,1467030.80380024,-26002459.788266726
61,1489169.63504011,-25812962.93409346
62,1456508.7834390001,-26092522.797302686
63,1473022.0167554049,-25951178.12866216
64,1506248.0766832482,-25666780.376826026
65,1556093.0603323942,-25240133.30158112
66,1499223.4925861808,-25726907.15469642
67,1539597.684017004,-25381325.123602025
68,1459709.0366693367,-26065130.29798165
69,1448343.4240513102,-26162414.016960874
70,1424845.335656731,-26363545.403781287
71,1451944.2038416704,-26131593.219085373
72,1424755.8629613593,-26364311.24341047
73,1390397.1417940026,-26658403.984986864
74,1415449.8852261193,-26443965.561505575
75,1586953.0076914008,-24975988.239851173
76,1430494.5888724437,-26315190.741278693
77,1493789.5832800001,-25773418.585594796
78,1442196.006455344,-26215032.70685933
79,1586676.2682356657,-24978356.985324644
80,1436345.7812427667,-26265107.58488596
81,1433191.453058272,-26292106.989755865
82,1426823.8448127557,-26346610.396826424
83,1410532.343557594,-26486057.154614307
84,1454637.326266977,-26108541.495081984
85,1409314.1611331624,-26496484.16111424
86,1513908.8890238306,-25601207.816864602
87,1517766.6923151799,-25568187.03181009
88,1482701.4932430245,-25868326.8559561
89,1501910.1151766733,-25703911.065890595
90,1515279.7899519051,-25589473.619587492
91,1489666.3312234483,-25808711.4736978
92,1506506.0318258135,-25664572.415280797
93,1543438.6525378576,-25348448.435406785
94,1470088.8047242556,-25976284.894529954
95,1596646.4660118888,-24893017.289944652
96,1511966.1349211964,-25617836.779201984
97,1445967.599490904,-26182749.836651925
98,1464108.4589606328,-26027473.536640115
99,1527203.537615608,-25487412.555579815
100,1453512.728721128,-26118167.46380817
101,1559953.9350301514,-25207086.226888914
102,1393275.2736177056,-26633768.67698084
103,1448009.810564767,-26165269.574488945
104,1479835.2230306359,-25892860.634752877
105,1466131.377557901,-26010158.408019386
106,1460331.0945391783,-26059805.806902084
107,1454005.7001823918,-26113947.88509173
108,1466588.338628289,-26006247.05947619
109,1401559.4552902242,-26562860.400508005
110,1517750.7168818796,-25568323.773190953
111,1501005.8233057652,-25711651.3328873
112,1559165.9511967641,-25213830.95771722
113,1534396.1431527922,-25425847.601773627
114,1500748.3556394572,-25713855.121889893
115,1402501.3748450445,-26554798.06015278
116,1396606.3131523808,-26605256.715075146
117,1520664.5324350048,-25543383.03106343
118,1483452.4193251294,-25861899.320160113
119,1535366.7501932818,-25417539.711496204
120,1413510.908499719,-26460562.191471584
121,1461353.5473357353,-26051054.143980544
122,1523927.503250768,-25515453.701906577
123,1396599.845135444,-26605312.077928267
124,1480965.7927832175,-25883183.54705044
125,1515675.7765416054,-25586084.180812247
126,1449905.1398148416,-26149046.54416633
127,1504965.2767689053,-25677760.475353714
128,1474062.8125147014,-25942269.45954198
129,1457354.7875135932,-26085281.443456307
130,1537998.850555084,-25395010.304544874
131,1447814.9078110359,-26166937.840455726
132,1561816.87102787,-25191140.46591947
133,1452119.0843137181,-26130096.333411943
134,1458432.4495318998,-26076057.218377825
135,1405776.3766918185,-26526765.7516424
136,1413455.7185432566,-26461034.588727713
137,1501308.2745537665,-25709062.507875897
138,1431230.2739606637,-26308893.66044505
139,1419621.9443242257,-26408254.910570566
140,1516086.3026814526,-25582570.29106739
141,1485643.522514733,-25843144.619105652
142,1551547.7808626452,-25279038.524333104
143,1446171.2653204137,-26181006.56332478
144,1514550.6095952182,-25595715.023310207
145,1498941.595633678,-25729320.04565356
146,1423463.4724700095,-26375373.43227766
147,1586099.1679512148,-24983296.6629102
148,1635717.5874061084,-24558588.85905745
149,1468007.7285702552,-25994097.82151807
150,1466877.3007069733,-26003773.69472207
151,1553700.1213693675,-25260615.611636654
152,1582349.8204977964,-25015389.122531366
153,1404396.6138368808,-26538575.80239363
154,1422147.6775263327,-26386635.951055743
155,1418166.354489146,-26420714.00074229
156,1533819.0917203599,-25430786.861211367
157,1559197.1998773746,-25213563.48530151
158,1488792.8053092037,-25816188.40014413
159,1547625.351727533,-25312612.47292
160,1432922.125044328,-26294412.297151282
161,1409452.2543454522,-26495302.155206695
162,1393158.1883079768,-26634770.86619413
163,1409373.6124756136,-26495975.28861556
164,1458237.4180416008,-26077726.586262513
165,1424318.2705693902,-26368056.80616353
166,1551685.6791550291,-25277858.186838344
167,1504529.6189503218,-25681489.479167107
168,1589165.1357989102,-24957053.57645998
169,1441359.7414254805,-26222190.69955991
170,1529065.5079169353,-25471475.060468055
171,1467422.7351611415,-25999105.060135957
172,1509232.7659424583,-25641232.992721733
173,1459602.9075629553,-26066038.70780589
174,1476472.6343714548,-25921642.6407174
175,1579637.2187659398,-25038607.579244025
176,1481388.4052320826,-25879566.204801127
177,1459599.7091707424,-26066066.084375873
178,1366844.1496816925,-26860005.31900908
179,1421351.3917937938,-26393451.741812907
180,1520614.8840166465,-25543807.995642256
181,1450205.4179325781,-26146476.320017114
182,1499444.256966775,-25725017.52668567
183,1540392.7999948235,-25374519.34533545
184,1517288.5584127642,-25572279.60875779
185,1470018.659300455,-25976885.30279003
186,1498316.0345615519,-25734674.522318415
187,1482442.755211434,-25870541.51862325
188,1503353.54259299,-25691556.079683065
189,1443522.020677505,-26203682.716384858
190,1613874.010394738,-24745558.49095435
191,1463599.8076735311,-26031827.326491646
192,1553089.3519179574,-25265843.479739238
193,1537085.6851503523,-25402826.524365228
194,1548355.6759172517,-25306361.278582826
195,1440547.4878365414,-26229143.166843623
196,1460729.7382299812,-26056393.624726582
197,1459510.9371975362,-26066825.926188618
198,1457121.5336216898,-26087277.97517293
199,1542628.153131931,-25355385.88779839
200,1527940.7599135363,-25481102.317032434
201,1357166.4749068643,-26942841.169992905
202,1399765.9413168486,-26578211.94513961
203,1401584.230727141,-26562648.33568373
204,1520802.1397094768,-25542205.18453028
205,1505374.3469851275,-25674259.047556095
206,1545553.520783019,-25330346.265734553
207,1458738.5057874687,-26073437.536380973
208,1429156.0274056946,-26326648.129625812
209,1454286.4333254022,-26111544.955737136
210,1501617.0588677796,-25706419.475120932
211,1499107.8178308327,-25727897.27029955
212,1550436.5175114598,-25288550.35930425
213,1531848.5889637847,-25447653.337560773
214,1458476.1196364746,-26075683.425048415
215,1526235.570472671,-25495697.849710397
216,1560603.2927252795,-25201528.06353662
217,1424812.0785800763,-26363830.067020133
218,1501076.3587608926,-25711047.586162392
219,1378300.3712370088,-26761946.03476219
220,1592928.2785028764,-24924843.036685757
221,1580328.572790141,-25032689.949208062
222,1477113.9285661126,-25916153.496725537
223,1516637.1337316148,-25577855.464432877
224,1493307.9169450519,-25777541.398323476
225,1451121.0832903585,-26138638.70190192
226,1444480.5299092236,-26195478.377043784
227,1495477.3372548874,-25758972.291416287
228,1574462.5676040498,-25082899.895581674
229,1441700.9984207938,-26219269.717581417
230,1509366.5626230536,-25640087.76288566
231,1510311.3023864992,-25632001.28301481
232,1440525.6555646216,-26229330.03970983
233,1480147.9252847258,-25890184.066473328
234,1499157.3309293455,-25727473.46398806
235,1448832.0236466732,-26158231.85913744
236,1493698.6101456454,-25774197.26819948
237,1544923.0561993942,-25335742.713901583
238,1558196.6794486062,-25222127.41858839
239,1545474.9382229596,-25331018.891482625
240,1466441.9990394171,-26007499.650068335
241,1491326.883072282,-25794498.01553751
242,1486465.390563841,-25836109.857055027
243,1509280.9779147722,-25640820.323372208
244,1461157.6894783827,-26052730.585136417
245,1507560.1279674293,-25655549.901821606
246,1502049.0807398418,-25702721.5931143
247,1539673.6568756818,-25380674.835537314
248,1389104.0717251336,-26669471.990683347
249,1353800.4312585457,-26971652.74886332
250,1459865.9581867119,-26063787.131598
251,1432215.4110663948,-26300461.40038386
252,1454789.656058743,-26107237.63147583
253,1571556.3071498985,-25107775.970000546
254,1472455.5632930894,-25956026.675000556
255,1493682.9886041272,-25774330.980451178
256,1486306.7077908705,-25837468.098868407
257,1475867.0742019233,-25926825.920082763
258,1584254.3511120048,-24999087.333328545
259,1485025.9057100187,-25848431.09698291
260,1472070.4488607736,-25959323.053776372
261,1406829.6755650092,-26517750.062385306
262,1402732.604716372,-26552818.85299714
263,1557459.5177743128,-25228437.138229057
264,1466786.147556562,-26004553.918170355
265,1519168.0563284631,-25556192.086404365
266,1596836.1618820643,-24891393.592186697
267,1529723.8942795452,-25465839.616428874
268,1536822.8032880074,-25405076.65606341
269,1472747.8407220393,-25953524.932576496
270,1574438.1960996555,-25083108.502954133
271,1376803.216950946,-26774760.894966282
272,1547723.6222773702,-25311771.328243017
273,1442631.3652135755,-26211306.26284665
274,1484504.6910539784,-25852892.422723122
275,1460276.3621728413,-26060274.287425287
276,1540760.7187961594,-25371370.15219653
277,1465996.2831788547,-26011314.74547769
278,1418940.7758349685,-26414085.357737247
279,1448135.604101669,-26164192.847390756
280,1484643.4590138914,-25851704.64132768
281,1462693.1184495084,-26039588.11358124
282,1365178.530677887,-26874262.149374362
283,1488375.4365978122,-25819760.85873429
284,1441166.2212267015,-26223847.131577037
285,1516630.2949659454,-25577914.000701874
286,1574657.4999429358,-25081231.376381394
287,1572636.528954175,-25098529.834488608
288,1433076.0833149492,-26293094.494615067
289,1443349.566441433,-26205158.834743157
290,1344894.0221319445,-27047886.967968415
291,1529675.317254243,-25466255.41044167
292,1465319.426782161,-26017108.28337998
293,1490378.897299038,-25802612.27956005
294,1514342.2351284525,-25597498.600117598
295,1455771.4010490587,-26098834.40615424
296,1451821.4859085493,-26132643.62061855
297,1435169.244522328,-26275178.125870116
298,1488158.6018443822,-25821616.851185076
299,1385630.9785734464,-26699199.857496396
300,1540951.5276553615,-25369736.927832723
301,1506220.327309107,-25667017.89700259
302,1544235.687860827,-25341626.228546303
303,1505126.7191028744,-25676378.613136776
304,1453638.9006037582,-26117087.498267785
305,1428916.8264632476,-26328695.56499482
306,1479628.3221146257,-25894631.598733976
307,1463694.7308481026,-26031014.83360191
308,1487660.9104772315,-25825876.82983537
309,1523823.8268805984,-25516341.117587484
310,1383720.0736492295,-26715556.207469884
311,1615761.2721365872,-24729404.514296453
312,1487217.7309074504,-25829670.215917833
313,1463640.8265221848,-26031476.226530794
314,1483757.4217418965,-25859288.658474028
315,1421432.8497505551,-26392754.50416805
316,1487777.3117506865,-25824880.49561598
317,1481526.6810508627,-25878382.63587722
318,1478854.7530815215,-25901252.94638647
319,1478522.7925789836,-25904094.35523318
320,1520014.7564538824,-25548944.774725772
321,1436384.4597351763,-26264776.517154496
322,1531620.4833885417,-25449605.802370664
323,1450368.1635546112,-26145083.30233377
324,1428986.2988141368,-26328100.917887982
325,1434344.671533049,-26282236.04079849
326,1434741.4739952725,-26278839.618579768
327,1460441.318392591,-26058862.3481779
328,1486645.8610267784,-25834565.123973712
329,1551860.264249434,-25276363.829443555
330,1481387.1779985146,-25879576.709280696
331,1506250.5728982126,-25666759.010527235
332,1553060.4079199564,-25266091.22527327
333,1501986.2947833322,-25703259.008170944
334,1478167.0179790496,-25907139.60033902
335,1435310.0994611199,-26273972.48102344
336,1451583.034636271,-26134684.639201723
337,1482437.1370147304,-25870589.607458204
338,1465859.8543267518,-26012482.505329683
339,1584439.9644777686,-24997498.579680096
340,1403314.499561477,-26547838.13647185
341,1414327.9586960038,-26453568.66772952
342,1458566.8573887318,-26074906.75719178
343,1433999.8485266056,-26285187.54597325
344,1466299.418588311,-26008720.064400896
345,1561987.2207763663,-25189682.360877723
346,1447394.1874531636,-26170538.98739251
347,1364189.547337414,-26882727.331199855
348,1441956.3704080188,-26217083.86649927
349,1500578.7155809442,-25715307.15235535
350,1462834.979812807,-26038373.854265448
351,1527818.8874766682,-25482145.481558453
352,1558985.9064698487,-25215372.04672013
353,1537327.2082559443,-25400759.21249027
354,1477741.938732111,-25910778.057093874
355,1618781.3681017018,-24703554.067247562
356,1527481.0886409532,-25485036.86349356
357,1489648.9558600585,-25808860.19775043
358,1420049.7088022674,-26404593.469637316
359,1506466.6579422303,-25664909.435198184
360,1575803.0361087052,-25071426.183984242
361,1469025.2260245453,-25985388.573743057
362,1564342.233800521,-25169524.67708768
363,1499448.5500018166,-25724980.780543722
364,1549737.7299772669,-25294531.616310563
365,1515778.994029034,-25585200.69292838
366,1402389.2153118607,-26555758.087286714
367,1555051.4553869935,-25249048.896912515
368,1557105.154389269,-25231470.30407112
369,1508248.30590196,-25649659.45745749
370,1445300.6200273782,-26188458.83315526
371,1469055.2293551737,-25985131.760873977
372,1454877.1680314702,-26106488.57461033
373,1526812.3690079309,-25490760.754940614
374,1338714.5091261251,-27100780.37784349
375,1545190.4660045695,-25333453.82537324
376,1480026.7631049424,-25891221.151568964
377,1411835.4478585315,-26474903.26112229
378,1503699.9887545127,-25688590.681146998
379,1530093.0557002607,-25462679.787115853
380,1459775.1042640684,-26064564.79381258
381,1419782.6409281807,-26406879.431413792
382,1497288.8545758377,-25743466.6475148
383,1477873.9100877813,-25909648.451087594
384,1428230.7479986441,-26334568.038990837
385,1561701.541850518,-25192127.62355511
386,1498655.041780016,-25731772.79725692
387,1388089.6152010916,-26678155.20968071
388,1501516.9875047675,-25707276.033819906
389,1454261.0983616516,-26111761.80981942
390,1480469.2029956898,-25887434.096753426
391,1371472.2879642446,-26820390.8680148
392,1659565.2860440235,-24354464.990810122
393,1464283.0544743682,-26025979.09006129
394,1525786.2937362662,-25499543.424360637
395,1540750.2638268583,-25371459.641283445
396,1422284.323889618,-26385466.32942142
397,1448887.7365908362,-26157754.985379234
398,1471448.0903360683,-25964650.118304837
399,1432527.8347875038,-26297787.216201425
400,1548066.1843128398,-25308839.17580112
401,1535820.0641023389,-25413659.58075269
402,1492126.0815068493,-25787657.29356941
403,1444085.4240005224,-26198860.277648784
404,1552297.059538114,-25272625.08947911
405,1547265.5561906658,-25315692.135149825
406,1397349.2803642934,-26598897.303058952
407,1477860.1614161434,-25909766.132549465
408,1517911.3962970336,-25566948.441161353
409,1536876.6744168778,-25404615.54728395
410,1452667.143318729,-26125405.23403883
411,1420845.7288459977,-26397779.953037843
412,1459844.6308552236,-26063969.682437345
413,1432149.6545738487,-26301024.2416804
414,1458958.5081504516,-26071554.43084373
415,1457321.902934523,-26085562.918310016
416,1506256.6461975765,-25666707.026250765
417,1516807.1248937973,-25576400.42870304
418,1395635.0098146452,-26613570.565294005
419,1400112.3646345828,-26575246.742134463
420,1421751.1687966208,-26390029.85907729
421,1462678.7388791335,-26039711.19520741
422,1475877.2772870925,-25926738.586992703
423,1466084.377701794,-26010560.702286072
424,1482347.4637743072,-25871357.163648482
425,1382878.9596166983,-26722755.70510545
426,1441662.2004036931,-26219601.808381923
427,1472483.6222290187,-25955786.50513646
428,1444210.5637198738,-26197789.14688798
429,1576589.8945832157,-25064691.085641254
430,1559232.8044241928,-25213258.728941828
431,1449103.4681470073,-26155908.435721874
432,1412558.6822807947,-26468712.75149855
433,1464530.4686799676,-26023861.35344137
434,1581560.5711122735,-25022144.68582621
435,1507319.1404835442,-25657612.62905398
436,1452173.4538435193,-26129630.958580337
437,1578786.3474860403,-25045890.593830492
438,1401567.0359174416,-26562795.514290895
439,1442887.6362486538,-26209112.71638356
440,1515727.3061541505,-25585643.11419187
441,1364594.095733771,-26879264.607823
442,1529622.118322996,-25466710.765559897
443,1479695.6611962207,-25894055.2113002
444,1407819.6948691686,-26509276.013250716
445,1530327.9801220521,-25460668.956534255
446,1400632.1443618122,-26570797.69863683
447,1476704.3189748018,-25919659.54129273
448,1566196.2666770713,-25153655.122194134
449,1493693.4012936137,-25774241.853257433
450,1474398.5391456792,-25939395.814599156
451,1488934.9340632763,-25814971.852102704
452,1522952.3193185618,-25523800.767991103
453,1549800.911308794,-25293990.817049883
454,1481337.3330380677,-25880003.356157344
455,1505236.195762668,-25675441.550000448
456,1481166.847840231,-25881462.620574832
457,1458988.1709172847,-26071300.533023197
458,1442101.8775170324,-26215838.401500728
459,1442051.313622729,-26216271.202076398
460,1431372.0810309136,-26307679.86584945
461,1507188.1272511482,-25658734.03402451
462,1531839.4104493447,-25447731.90085951
463,1593888.0332965693,-24916628.03598351
464,1572907.9459393548,-25096206.646588422
465,1410028.4229289836,-26490370.452495307
466,1474143.4427847965,-25941579.3064635
467,1519043.5959712411,-25557257.402179495
468,1420435.3139200034,-26401292.890850097
469,1511660.8090665431,-25620450.209347762
470,1439972.0961286859,-26234068.21990422
471,1564557.0760320174,-25167685.73958592
472,1555979.3989956647,-25241106.183370497
473,1530081.0198952146,-25462782.80733264
474,1444182.0213973722,-26198033.45428914
475,1482880.6259441418,-25866793.573418573
476,1507180.5542850178,-25658798.85466671
477,1489917.119169227,-25806564.859620716
478,1522416.5591371336,-25528386.595845878
479,1455282.5618549623,-26103018.614817932
480,1466259.0987333017,-26009065.181340545
481,1394328.7915424511,-26624751.11275663
482,1500344.8118682688,-25717309.246199027
483,1529288.5958465345,-25469565.544089116
484,1441588.7519010063,-26220230.489275333
485,1499147.9167150662,-25727554.044754546
486,1436552.8197210918,-26263335.443443153
487,1410886.6695803825,-26483024.30857367
488,1483614.3856022097,-25860512.973263282
489,1505952.4453252007,-25669310.827134714
490,1410177.9296884048,-26489090.75257434
491,1533139.9375120641,-25436600.067183092
492,1441271.6414784007,-26222944.789179344
493,1484584.9807608465,-25852205.184688326
494,1563111.5118915187,-25180059.01503855
495,1414276.1435863501,-26454012.17805631
496,1442660.8035989343,-26211054.28561456
497,1510247.132146727,-25632550.54681454
498,1463414.728279095,-26033411.5096239
499,1400679.107375597,-26570395.719721217
500,1502005.65528347,-25703093.292382628
