label,json_file,FieldName,cycle,time_days,RF
H2-1083044-133-90-129-323-20-1.54,H2-1083044-133-90-129-323-20-1.54.json,,1,235.8888301690938,0.9737853300046279
H2-1083044-133-90-129-323-20-1.54,H2-1083044-133-90-129-323-20-1.54.json,,2,368.79834268314875,0.9540660775211565
H2-1083044-133-90-129-323-20-1.54,H2-1083044-133-90-129-323-20-1.54.json,,3,501.85812752034974,0.9409498566141358
H2-1083044-133-90-129-323-20-1.54,H2-1083044-133-90-129-323-20-1.54.json,,4,634.8685144554953,0.9329081090061397
H2-1083044-133-90-129-323-20-1.54,H2-1083044-133-90-129-323-20-1.54.json,,5,767.4506816936712,0.9286333207131079
H2-1083044-133-90-129-323-20-1.54,H2-1083044-133-90-129-323-20-1.54.json,,6,900.4610686288345,0.9248207311633854
H2-1083044-133-90-129-323-20-1.54,H2-1083044-133-90-129-323-20-1.54.json,,7,1033.4714555639987,0.9221818590534347
H2-1083044-133-90-129-323-20-1.54,H2-1083044-133-90-129-323-20-1.54.json,,8,1166.4818424991631,0.9203173296409038
H2-1083044-133-90-129-323-20-1.54,H2-1083044-133-90-129-323-20-1.54.json,,9,1299.7174057658183,0.9186997584150445
H2-1083044-133-90-129-323-20-1.54,H2-1083044-133-90-129-323-20-1.54.json,,10,1432.9277796385345,0.9179703000534722
H2-1083044-133-90-129-323-20-1.54,H2-1083044-133-90-129-323-20-1.54.json,,11,1565.9618277536713,0.9172812049755682
H2-1083044-133-90-129-323-20-1.54,H2-1083044-133-90-129-323-20-1.54.json,,12,1698.5928455657447,0.9171967552370445
H2-1083044-133-90-129-323-20-1.54,H2-1083044-133-90-129-323-20-1.54.json,,13,1831.626893680848,0.916831166216757
H2-1083044-133-90-129-323-20-1.54,H2-1083044-133-90-129-323-20-1.54.json,,14,1964.8624569474669,0.9164401911734971
H2-1083044-133-90-129-323-20-1.54,H2-1083044-133-90-129-323-20-1.54.json,,15,2097.2919596080246,0.9159723057827462
H2-1131214-175-61-131-317-16-1.76,H2-1131214-175-61-131-317-16-1.76.json,,1,329.37846020014814,0.9850461555717163
H2-1131214-175-61-131-317-16-1.76,H2-1131214-175-61-131-317-16-1.76.json,,2,504.23027329707503,0.9719941995418633
H2-1131214-175-61-131-317-16-1.76,H2-1131214-175-61-131-317-16-1.76.json,,3,679.3872943657738,0.9613023771356828
H2-1131214-175-61-131-317-16-1.76,H2-1131214-175-61-131-317-16-1.76.json,,4,854.129117650682,0.9549933676357664
H2-1131214-175-61-131-317-16-1.76,H2-1131214-175-61-131-317-16-1.76.json,,5,1029.5658231640987,0.9490744334571455
H2-1131214-175-61-131-317-16-1.76,H2-1131214-175-61-131-317-16-1.76.json,,6,1204.2070741320608,0.9461129897650619
H2-1131214-175-61-131-317-16-1.76,H2-1131214-175-61-131-317-16-1.76.json,,7,1379.6437796454775,0.942816098917453
H2-1131214-175-61-131-317-16-1.76,H2-1131214-175-61-131-317-16-1.76.json,,8,1554.2850306134399,0.9413010447854756
H2-1131214-175-61-131-317-16-1.76,H2-1131214-175-61-131-317-16-1.76.json,,9,1729.721736126895,0.939326773064833
H2-1131214-175-61-131-317-16-1.76,H2-1131214-175-61-131-317-16-1.76.json,,10,1904.3629870948955,0.9385709617138397
H2-1131214-175-61-131-317-16-1.76,H2-1131214-175-61-131-317-16-1.76.json,,11,2079.004238062896,0.9379948883093411
H2-1131214-175-61-131-317-16-1.76,H2-1131214-175-61-131-317-16-1.76.json,,12,2254.440943576351,0.9369629065671902
H2-1131214-175-61-131-317-16-1.76,H2-1131214-175-61-131-317-16-1.76.json,,13,2429.347346059503,0.9369271825434914
H2-1131214-175-61-131-317-16-1.76,H2-1131214-175-61-131-317-16-1.76.json,,14,2604.720379994897,0.9362776598761512
H2-1131214-175-61-131-317-16-1.76,H2-1131214-175-61-131-317-16-1.76.json,,15,2778.566176417443,0.9360251713292719
H2-1146138-73-103-307-361-7-3.92,H2-1146138-73-103-307-361-7-3.92.json,,1,216.35852475492962,0.9598965847678441
H2-1146138-73-103-307-361-7-3.92,H2-1146138-73-103-307-361-7-3.92.json,,2,289.28130168807695,0.9296032273622511
H2-1146138-73-103-307-361-7-3.92,H2-1146138-73-103-307-361-7-3.92.json,,3,362.0849867318717,0.9119164455924683
H2-1146138-73-103-307-361-7-3.92,H2-1146138-73-103-307-361-7-3.92.json,,4,435.16696240289207,0.896785676289311
H2-1146138-73-103-307-361-7-3.92,H2-1146138-73-103-307-361-7-3.92.json,,5,508.2627638314914,0.8888845230354782
H2-1146138-73-103-307-361-7-3.92,H2-1146138-73-103-307-361-7-3.92.json,,6,581.2479591994846,0.8837123377293841
H2-1146138-73-103-307-361-7-3.92,H2-1146138-73-103-307-361-7-3.92.json,,7,654.3437606280839,0.8802363424959813
H2-1146138-73-103-307-361-7-3.92,H2-1146138-73-103-307-361-7-3.92.json,,8,727.0939181172894,0.8768524054995298
H2-1146138-73-103-307-361-7-3.92,H2-1146138-73-103-307-361-7-3.92.json,,9,800.4109316671008,0.8740787595118484
H2-1146138-73-103-307-361-7-3.92,H2-1146138-73-103-307-361-7-3.92.json,,10,873.3961270350941,0.8726154301214902
H2-1146138-73-103-307-361-7-3.92,H2-1146138-73-103-307-361-7-3.92.json,,11,946.3813224030872,0.8714765805797171
H2-1146138-73-103-307-361-7-3.92,H2-1146138-73-103-307-361-7-3.92.json,,12,1019.3665177710805,0.8705960828578555
H2-1146138-73-103-307-361-7-3.92,H2-1146138-73-103-307-361-7-3.92.json,,13,1092.3517131390736,0.8699190330258358
H2-1146138-73-103-307-361-7-3.92,H2-1146138-73-103-307-361-7-3.92.json,,14,1165.336908507067,0.8694032403394713
H2-1146138-73-103-307-361-7-3.92,H2-1146138-73-103-307-361-7-3.92.json,,15,1237.852028117484,0.8687185953583526
H2-124416-118-32-239-347-19-4.59,H2-124416-118-32-239-347-19-4.59.json,,1,389.1584535712147,0.9693264736406025
H2-124416-118-32-239-347-19-4.59,H2-124416-118-32-239-347-19-4.59.json,,2,507.15845357121987,0.9439219297734419
H2-124416-118-32-239-347-19-4.59,H2-124416-118-32-239-347-19-4.59.json,,3,625.1919762984976,0.9258107619385951
H2-124416-118-32-239-347-19-4.59,H2-124416-118-32-239-347-19-4.59.json,,4,743.2254990257754,0.9129664112266072
H2-124416-118-32-239-347-19-4.59,H2-124416-118-32-239-347-19-4.59.json,,5,861.2590217530396,0.9035702637575687
H2-124416-118-32-239-347-19-4.59,H2-124416-118-32-239-347-19-4.59.json,,6,978.8790975106019,0.8958900748200269
H2-124416-118-32-239-347-19-4.59,H2-124416-118-32-239-347-19-4.59.json,,7,1096.8567490257399,0.8906458031239566
H2-124416-118-32-239-347-19-4.59,H2-124416-118-32-239-347-19-4.59.json,,8,1214.8344005408778,0.8864744666053141
H2-124416-118-32-239-347-19-4.59,H2-124416-118-32-239-347-19-4.59.json,,9,1332.9908399348037,0.8833478550316937
H2-124416-118-32-239-347-19-4.59,H2-124416-118-32-239-347-19-4.59.json,,10,1450.9684914499417,0.8805604734840586
H2-124416-118-32-239-347-19-4.59,H2-124416-118-32-239-347-19-4.59.json,,11,1568.9461429650796,0.8782651139903109
H2-124416-118-32-239-347-19-4.59,H2-124416-118-32-239-347-19-4.59.json,,12,1686.9237944802173,0.8763528701925912
H2-124416-118-32-239-347-19-4.59,H2-124416-118-32-239-347-19-4.59.json,,13,1804.901445995355,0.874745520493966
H2-124416-118-32-239-347-19-4.59,H2-124416-118-32-239-347-19-4.59.json,,14,1922.8790975104928,0.8733844643642588
H2-124416-118-32-239-347-19-4.59,H2-124416-118-32-239-347-19-4.59.json,,15,2040.320385389267,0.8721878512182012
H2-1252803-55-130-380-378-19-4.09,H2-1252803-55-130-380-378-19-4.09.json,,1,167.54713270399304,0.9629568849815169
H2-1252803-55-130-380-378-19-4.09,H2-1252803-55-130-380-378-19-4.09.json,,2,222.48072645399304,0.939181081553078
H2-1252803-55-130-380-378-19-4.09,H2-1252803-55-130-380-378-19-4.09.json,,3,277.52711317274304,0.9208401376272827
H2-1252803-55-130-380-378-19-4.09,H2-1252803-55-130-380-378-19-4.09.json,,4,332.5391574435764,0.908764029482697
H2-1252803-55-130-380-378-19-4.09,H2-1252803-55-130-380-378-19-4.09.json,,5,387.55120171440973,0.9002768390896935
H2-1252803-55-130-380-378-19-4.09,H2-1252803-55-130-380-378-19-4.09.json,,6,442.56324598524304,0.8940978976475698
H2-1252803-55-130-380-378-19-4.09,H2-1252803-55-130-380-378-19-4.09.json,,7,497.5752902560764,0.8894633328153914
H2-1252803-55-130-380-378-19-4.09,H2-1252803-55-130-380-378-19-4.09.json,,8,552.6602511935764,0.8861302800073737
H2-1252803-55-130-380-378-19-4.09,H2-1252803-55-130-380-378-19-4.09.json,,9,607.6722954644097,0.8832987720899749
H2-1252803-55-130-380-378-19-4.09,H2-1252803-55-130-380-378-19-4.09.json,,10,662.684339735243,0.8810524581463389
H2-1252803-55-130-380-378-19-4.09,H2-1252803-55-130-380-378-19-4.09.json,,11,717.6963840060764,0.8792442988006395
H2-1252803-55-130-380-378-19-4.09,H2-1252803-55-130-380-378-19-4.09.json,,12,772.7084282769097,0.8777731546473697
H2-1252803-55-130-380-378-19-4.09,H2-1252803-55-130-380-378-19-4.09.json,,13,827.720472547743,0.8765662473737854
H2-1252803-55-130-380-378-19-4.09,H2-1252803-55-130-380-378-19-4.09.json,,14,882.4825168185764,0.8760418336034189
H2-1252803-55-130-380-378-19-4.09,H2-1252803-55-130-380-378-19-4.09.json,,15,937.2445610894097,0.8751228540131126
H2-256112-42-111-232-352-6-3.12,H2-256112-42-111-232-352-6-3.12.json,,1,107.60805362654403,0.8834352675137994
H2-256112-42-111-232-352-6-3.12,H2-256112-42-111-232-352-6-3.12.json,,2,149.55734339927002,0.8475623546848382
H2-256112-42-111-232-352-6-3.12,H2-256112-42-111-232-352-6-3.12.json,,3,191.57026953563238,0.8295388730202807
H2-256112-42-111-232-352-6-3.12,H2-256112-42-111-232-352-6-3.12.json,,4,233.6885933992719,0.818613370651086
H2-256112-42-111-232-352-6-3.12,H2-256112-42-111-232-352-6-3.12.json,,5,275.6160081720026,0.8131368846215685
H2-256112-42-111-232-352-6-3.12,H2-256112-42-111-232-352-6-3.12.json,,6,317.54342294473327,0.8095072942036677
H2-256112-42-111-232-352-6-3.12,H2-256112-42-111-232-352-6-3.12.json,,7,359.708728342464,0.8059776566075386
H2-256112-42-111-232-352-6-3.12,H2-256112-42-111-232-352-6-3.12.json,,8,401.69182493337644,0.8042377052986496
H2-256112-42-111-232-352-6-3.12,H2-256112-42-111-232-352-6-3.12.json,,9,443.67492152428895,0.8030089744783955
H2-256112-42-111-232-352-6-3.12,H2-256112-42-111-232-352-6-3.12.json,,10,485.6493178311105,0.8021761348758368
H2-256112-42-111-232-352-6-3.12,H2-256112-42-111-232-352-6-3.12.json,,11,527.632414422023,0.8015819452374666
H2-256112-42-111-232-352-6-3.12,H2-256112-42-111-232-352-6-3.12.json,,12,569.5598291947537,0.8013322445263364
H2-256112-42-111-232-352-6-3.12,H2-256112-42-111-232-352-6-3.12.json,,13,611.6781530583935,0.8007501674599944
H2-256112-42-111-232-352-6-3.12,H2-256112-42-111-232-352-6-3.12.json,,14,653.6055678311242,0.8007766629091891
H2-256112-42-111-232-352-6-3.12,H2-256112-42-111-232-352-6-3.12.json,,15,695.4447368652184,0.8004274809356275
H2-290403-108-115-247-360-20-3.04,H2-290403-108-115-247-360-20-3.04.json,,1,272.3644620165431,0.8954538586089956
H2-290403-108-115-247-360-20-3.04,H2-290403-108-115-247-360-20-3.04.json,,2,380.1778142892737,0.8593919484688676
H2-290403-108-115-247-360-20-3.04,H2-290403-108-115-247-360-20-3.04.json,,3,488.53832565291356,0.839332333332408
H2-290403-108-115-247-360-20-3.04,H2-290403-108-115-247-360-20-3.04.json,,4,596.4079279256442,0.8297805109289371
H2-290403-108-115-247-360-20-3.04,H2-290403-108-115-247-360-20-3.04.json,,5,704.2775301983748,0.8237773529560602
H2-290403-108-115-247-360-20-3.04,H2-290403-108-115-247-360-20-3.04.json,,6,812.6380415620146,0.8187952425686641
H2-290403-108-115-247-360-20-3.04,H2-290403-108-115-247-360-20-3.04.json,,7,920.5076438347454,0.8162737218203472
H2-290403-108-115-247-360-20-3.04,H2-290403-108-115-247-360-20-3.04.json,,8,1028.3772461074761,0.8144955882187145
H2-290403-108-115-247-360-20-3.04,H2-290403-108-115-247-360-20-3.04.json,,9,1136.246848380207,0.8132378780836481
H2-290403-108-115-247-360-20-3.04,H2-290403-108-115-247-360-20-3.04.json,,10,1244.6073597438467,0.811751697444754
H2-290403-108-115-247-360-20-3.04,H2-290403-108-115-247-360-20-3.04.json,,11,1352.4769620165775,0.8112251312613619
H2-290403-108-115-247-360-20-3.04,H2-290403-108-115-247-360-20-3.04.json,,12,1460.4897461074902,0.8110046712788442
H2-290403-108-115-247-360-20-3.04,H2-290403-108-115-247-360-20-3.04.json,,13,1568.3593483802156,0.8107665605670644
H2-290403-108-115-247-360-20-3.04,H2-290403-108-115-247-360-20-3.04.json,,14,1676.3721324710903,0.8105194656649706
H2-290403-108-115-247-360-20-3.04,H2-290403-108-115-247-360-20-3.04.json,,15,1783.750825652874,0.8104384239788994
H2-371506-150-96-315-351-14-1.87,H2-371506-150-96-315-351-14-1.87.json,,1,290.8514041237019,0.8097049949627849
H2-371506-150-96-315-351-14-1.87,H2-371506-150-96-315-351-14-1.87.json,,2,440.64716446145525,0.7837462983885864
H2-371506-150-96-315-351-14-1.87,H2-371506-150-96-315-351-14-1.87.json,,3,590.290719148962,0.7741122568317335
H2-371506-150-96-315-351-14-1.87,H2-371506-150-96-315-351-14-1.87.json,,4,740.4172283819235,0.7687274078205916
H2-371506-150-96-315-351-14-1.87,H2-371506-150-96-315-351-14-1.87.json,,5,890.5437376148847,0.7661460316482139
H2-371506-150-96-315-351-14-1.87,H2-371506-150-96-315-351-14-1.87.json,,6,1040.8691104842098,0.7652099925043693
H2-371506-150-96-315-351-14-1.87,H2-371506-150-96-315-351-14-1.87.json,,7,1190.541074262626,0.7657939535661319
H2-371506-150-96-315-351-14-1.87,H2-371506-150-96-315-351-14-1.87.json,,8,1340.6675834955875,0.7656359200806451
H2-371506-150-96-315-351-14-1.87,H2-371506-150-96-315-351-14-1.87.json,,9,1490.794092728549,0.7658375813163537
H2-371506-150-96-315-351-14-1.87,H2-371506-150-96-315-351-14-1.87.json,,10,1640.9206019615103,0.7662537847428178
H2-371506-150-96-315-351-14-1.87,H2-371506-150-96-315-351-14-1.87.json,,11,1790.365293012653,0.7673151554980128
H2-371506-150-96-315-351-14-1.87,H2-371506-150-96-315-351-14-1.87.json,,12,1940.4918022456138,0.7678792030235063
H2-371506-150-96-315-351-14-1.87,H2-371506-150-96-315-351-14-1.87.json,,13,2090.6183114785745,0.7685200347456548
H2-371506-150-96-315-351-14-1.87,H2-371506-150-96-315-351-14-1.87.json,,14,2240.6248033997454,0.7692758066044845
H2-371506-150-96-315-351-14-1.87,H2-371506-150-96-315-351-14-1.87.json,,15,2390.069494450888,0.7697220755165378
H2-438755-17-75-442-402-13-3.44,H2-438755-17-75-442-402-13-3.44.json,,1,46.26877805836163,0.9600603535272692
H2-438755-17-75-442-402-13-3.44,H2-438755-17-75-442-402-13-3.44.json,,2,63.26877805836094,0.9347357275814449
H2-438755-17-75-442-402-13-3.44,H2-438755-17-75-442-402-13-3.44.json,,3,80.26877805836007,0.9175002426935978
H2-438755-17-75-442-402-13-3.44,H2-438755-17-75-442-402-13-3.44.json,,4,97.2687780583592,0.9054177060765329
H2-438755-17-75-442-402-13-3.44,H2-438755-17-75-442-402-13-3.44.json,,5,114.26877805835835,0.8966439624205028
H2-438755-17-75-442-402-13-3.44,H2-438755-17-75-442-402-13-3.44.json,,6,131.2687780583575,0.8900763444854068
H2-438755-17-75-442-402-13-3.44,H2-438755-17-75-442-402-13-3.44.json,,7,148.26877805835662,0.8850363294548578
H2-438755-17-75-442-402-13-3.44,H2-438755-17-75-442-402-13-3.44.json,,8,165.26877805835576,0.881089612149338
H2-438755-17-75-442-402-13-3.44,H2-438755-17-75-442-402-13-3.44.json,,9,182.2687780583549,0.8779476015358911
H2-438755-17-75-442-402-13-3.44,H2-438755-17-75-442-402-13-3.44.json,,10,199.26877805835403,0.8754120936311134
H2-438755-17-75-442-402-13-3.44,H2-438755-17-75-442-402-13-3.44.json,,11,216.26877805835318,0.8733430138633943
H2-438755-17-75-442-402-13-3.44,H2-438755-17-75-442-402-13-3.44.json,,12,233.26877805835232,0.8716388924956936
H2-438755-17-75-442-402-13-3.44,H2-438755-17-75-442-402-13-3.44.json,,13,250.26877805835144,0.8702246324824033
H2-438755-17-75-442-402-13-3.44,H2-438755-17-75-442-402-13-3.44.json,,14,267.26877805835056,0.8690436054349443
H2-438755-17-75-442-402-13-3.44,H2-438755-17-75-442-402-13-3.44.json,,15,284.191505331077,0.8678918424393395
H2-495964-20-54-158-319-15-2.38,H2-495964-20-54-158-319-15-2.38.json,,1,43.85144851290665,0.9694217770697751
H2-495964-20-54-158-319-15-2.38,H2-495964-20-54-158-319-15-2.38.json,,2,63.851448512907446,0.9502915288534245
H2-495964-20-54-158-319-15-2.38,H2-495964-20-54-158-319-15-2.38.json,,3,83.85713033109033,0.9368817072796864
H2-495964-20-54-158-319-15-2.38,H2-495964-20-54-158-319-15-2.38.json,,4,103.86281214927241,0.9274607854401139
H2-495964-20-54-158-319-15-2.38,H2-495964-20-54-158-319-15-2.38.json,,5,123.86849396745298,0.9206308485471367
H2-495964-20-54-158-319-15-2.38,H2-495964-20-54-158-319-15-2.38.json,,6,143.87417578563353,0.9155451305765607
H2-495964-20-54-158-319-15-2.38,H2-495964-20-54-158-319-15-2.38.json,,7,163.8798576038141,0.9116756515268254
H2-495964-20-54-158-319-15-2.38,H2-495964-20-54-158-319-15-2.38.json,,8,183.88553942199465,0.9086807459296801
H2-495964-20-54-158-319-15-2.38,H2-495964-20-54-158-319-15-2.38.json,,9,203.8003121492684,0.9071178885976003
H2-495964-20-54-158-319-15-2.38,H2-495964-20-54-158-319-15-2.38.json,,10,223.80599396745365,0.9051276532625423
H2-495964-20-54-158-319-15-2.38,H2-495964-20-54-158-319-15-2.38.json,,11,243.81167578563887,0.9035508499619519
H2-495964-20-54-158-319-15-2.38,H2-495964-20-54-158-319-15-2.38.json,,12,263.8173576038241,0.9022884428683674
H2-495964-20-54-158-319-15-2.38,H2-495964-20-54-158-319-15-2.38.json,,13,283.82303942200934,0.9012721227031235
H2-495964-20-54-158-319-15-2.38,H2-495964-20-54-158-319-15-2.38.json,,14,303.82872124019457,0.9004517713468205
H2-495964-20-54-158-319-15-2.38,H2-495964-20-54-158-319-15-2.38.json,,15,323.7434939674707,0.8996158664404241
H2-652315-161-108-115-319-7-2.46,H2-652315-161-108-115-319-7-2.46.json,,1,359.3559621038112,0.9656122879156163
H2-652315-161-108-115-319-7-2.46,H2-652315-161-108-115-319-7-2.46.json,,2,520.4689808962224,0.9377822724188395
H2-652315-161-108-115-319-7-2.46,H2-652315-161-108-115-319-7-2.46.json,,3,681.7101332781261,0.9210628804594538
H2-652315-161-108-115-319-7-2.46,H2-652315-161-108-115-319-7-2.46.json,,4,842.2194674782115,0.9127628419291097
H2-652315-161-108-115-319-7-2.46,H2-652315-161-108-115-319-7-2.46.json,,5,1003.3871292838047,0.9061333870792865
H2-652315-161-108-115-319-7-2.46,H2-652315-161-108-115-319-7-2.46.json,,6,1164.554791089398,0.9018028360253453
H2-652315-161-108-115-319-7-2.46,H2-652315-161-108-115-319-7-2.46.json,,7,1325.7224528949912,0.8988918082530756
H2-652315-161-108-115-319-7-2.46,H2-652315-161-108-115-319-7-2.46.json,,8,1486.2317870950767,0.8976589768662638
H2-652315-161-108-115-319-7-2.46,H2-652315-161-108-115-319-7-2.46.json,,9,1647.4729394769806,0.8961020349027572
H2-652315-161-108-115-319-7-2.46,H2-652315-161-108-115-319-7-2.46.json,,10,1808.7140918588848,0.8950501295855708
H2-652315-161-108-115-319-7-2.46,H2-652315-161-108-115-319-7-2.46.json,,11,1969.4673654529101,0.895155487924818
H2-652315-161-108-115-319-7-2.46,H2-652315-161-108-115-319-7-2.46.json,,12,2130.7085178348143,0.8945984015955006
H2-652315-161-108-115-319-7-2.46,H2-652315-161-108-115-319-7-2.46.json,,13,2291.4312990045973,0.8946371861448752
H2-652315-161-108-115-319-7-2.46,H2-652315-161-108-115-319-7-2.46.json,,14,2452.6724513865015,0.8944248097640973
H2-652315-161-108-115-319-7-2.46,H2-652315-161-108-115-319-7-2.46.json,,15,2612.4499674047693,0.8947101970321212
